{"cameraMode":{"drawMode":0,"name":"Shaded","section":"Shading Mode"},"sceneLighting":true,"audioPlay":false,"sceneViewState":{"showFog":true,"showMaterialUpdate":true,"showSkybox":true,"showFlares":true,"showImageEffects":true,"showParticleSystems":true},"in2DMode":false,"pivot":{"x":-5.996335983276367,"y":28.632396697998048,"z":23.024246215820314},"rotation":{"x":0.03913804516196251,"y":0.9609075784683228,"z":-0.18858829140663148,"w":0.19909249246120454},"size":0.1837959885597229,"orthographic":false}